T[keV],spectrum
0.1,139975.48025088807
0.10500000000000001,120911.12334457712
0.11000000000000001,101846.76643826616
0.11500000000000002,82782.40953195521
0.12000000000000002,63718.05262564427
0.12500000000000003,44653.69571933332
0.13000000000000003,25589.338813022372
0.13500000000000004,13081.725872481351
0.14000000000000004,11366.629548163084
0.14500000000000005,9651.533223844817
0.15000000000000005,7936.436899526548
0.15500000000000005,6221.340575208282
0.16000000000000006,4506.244250890013
0.16500000000000006,2791.147926571746
0.17000000000000007,2253.8222489144596
0.17500000000000007,2096.9269128777382
0.18000000000000008,1940.0315768410162
0.18500000000000008,1783.1362408042946
0.19000000000000009,1626.2409047675728
0.1950000000000001,1469.345568730851
0.2000000000000001,1336.5589534711726
0.2050000000000001,1359.8763052428214
0.2100000000000001,1383.1936570144703
0.2150000000000001,1406.5110087861192
0.2200000000000001,1429.8283605577683
0.22500000000000012,1453.1457123294172
0.23000000000000012,1476.463064101066
0.23500000000000013,1493.4253552993769
0.24000000000000013,1504.3233403296665
0.24500000000000013,1515.2213253599562
0.2500000000000001,1526.1193103902458
0.2550000000000001,1537.0172954205354
0.2600000000000001,1547.915280450825
0.2650000000000001,1558.8132654811147
0.27000000000000013,1546.7573608416142
0.27500000000000013,1531.8537931979677
0.28000000000000014,1516.950225554321
0.28500000000000014,1502.0466579106744
0.29000000000000015,1487.1430902670277
0.29500000000000015,1472.2395226233812
0.30000000000000016,1452.8822549331771
0.30500000000000016,1421.3329833655246
0.31000000000000016,1389.783711797872
0.31500000000000017,1358.2344402302197
0.3200000000000002,1326.6851686625673
0.3250000000000002,1295.1358970949148
0.3300000000000002,1263.5866255272622
0.3350000000000002,1233.7661034248424
0.3400000000000002,1204.895049940633
0.3450000000000002,1176.0239964564237
0.3500000000000002,1147.1529429722145
0.3550000000000002,1118.2818894880052
0.3600000000000002,1089.4108360037958
0.3650000000000002,1060.6783532616912
0.3700000000000002,1037.7262500473698
0.3750000000000002,1014.7741468330483
0.3800000000000002,991.8220436187269
0.38500000000000023,968.8699404044056
0.39000000000000024,945.9178371900842
0.39500000000000024,922.9657339757628
0.40000000000000024,901.1742904965963
0.40500000000000025,881.1141644557024
0.41000000000000025,861.0540384148082
0.41500000000000026,840.9939123739143
0.42000000000000026,820.9337863330203
0.42500000000000027,800.8736602921263
0.43000000000000027,780.8135342512322
0.4350000000000003,762.8382882123971
0.4400000000000003,745.4536090410976
0.4450000000000003,728.0689298697981
0.4500000000000003,710.6842506984985
0.4550000000000003,693.299571527199
0.4600000000000003,675.9148923558995
0.4650000000000003,658.7613290583819
0.4700000000000003,642.8469402330552
0.4750000000000003,626.9325514077285
0.4800000000000003,611.0181625824019
0.4850000000000003,595.1037737570753
0.4900000000000003,579.1893849317486
0.49500000000000033,563.274996106422
0.5000000000000003,549.1435013237214
0.5050000000000003,536.5608957405515
0.5100000000000003,523.9782901573817
0.5150000000000003,511.395684574212
0.5200000000000004,498.8130789910422
0.5250000000000004,486.2304734078724
0.5300000000000004,473.64786782470264
0.5350000000000004,463.40321670627935
0.5400000000000004,453.3812279178318
0.5450000000000004,443.35923912938426
0.5500000000000004,433.33725034093675
0.5550000000000004,423.3152615524891
0.5600000000000004,413.2932727640416
0.5650000000000004,403.79862858939697
0.5700000000000004,395.5890080713753
0.5750000000000004,387.37938755335364
0.5800000000000004,379.169767035332
0.5850000000000004,370.9601465173103
0.5900000000000004,362.7505259992886
0.5950000000000004,354.54090548126686
0.6000000000000004,347.2944906737655
0.6050000000000004,340.5248626929714
0.6100000000000004,333.75523471217736
0.6150000000000004,326.9856067313833
0.6200000000000004,320.2159787505892
0.6250000000000004,313.4463507697951
0.6300000000000004,310.6645353679204
0.6350000000000005,389.06319032245574
0.6400000000000005,467.461845276991
0.6450000000000005,545.8605002315264
0.6500000000000005,624.2591551860617
0.6550000000000005,702.657810140597
0.6600000000000005,781.0564650951324
0.6650000000000005,863.5156116630017
0.6700000000000005,951.4740067150692
0.6750000000000005,1039.4324017671368
0.6800000000000005,1127.3907968192043
0.6850000000000005,1215.3491918712718
0.6900000000000005,1303.3075869233394
0.6950000000000005,1391.265981975407
0.7000000000000005,1388.9678113885043
0.7050000000000005,1364.4815684153673
0.7100000000000005,1339.9953254422305
0.7150000000000005,1315.509082469094
0.7200000000000005,1291.022839495957
0.7250000000000005,1266.5365965228202
0.7300000000000005,1241.5344577708083
0.7350000000000005,1214.1916807627895
0.7400000000000005,1186.8489037547708
0.7450000000000006,1159.506126746752
0.7500000000000006,1132.1633497387331
0.7550000000000006,1104.8205727307143
0.7600000000000006,1077.4777957226956
0.7650000000000006,1053.2535384451994
0.7700000000000006,1031.4942189187739
0.7750000000000006,1009.7348993923479
0.7800000000000006,987.9755798659222
0.7850000000000006,966.2162603394964
0.7900000000000006,944.4569408130708
0.7950000000000006,922.697621286645
0.8000000000000006,904.7691319467548
0.8050000000000006,887.1005917980934
0.8100000000000006,869.4320516494321
0.8150000000000006,851.7635115007705
0.8200000000000006,834.0949713521092
0.8250000000000006,816.4264312034476
0.8300000000000006,800.1161454187164
0.8350000000000006,786.768010108512
0.8400000000000006,773.4198747983078
0.8450000000000006,760.0717394881036
0.8500000000000006,746.7236041778992
0.8550000000000006,733.375468867695
0.8600000000000007,720.0273335574908
0.8650000000000007,710.1456115464941
0.8700000000000007,701.804517668478
0.8750000000000007,693.4634237904617
0.8800000000000007,685.1223299124455
0.8850000000000007,676.7812360344292
0.8900000000000007,668.440142156413
0.8950000000000007,660.163145392449
0.9000000000000007,652.7346723287936
0.9050000000000007,645.3061992651383
0.9100000000000007,637.8777262014828
0.9150000000000007,630.4492531378274
0.9200000000000007,623.0207800741721
0.9250000000000007,615.5923070105166
0.9300000000000007,609.1485081961059
0.9350000000000007,603.9171814050181
0.9400000000000007,598.6858546139305
0.9450000000000007,593.4545278228426
0.9500000000000007,588.2232010317549
0.9550000000000007,582.991874240667
0.9600000000000007,577.7605474495793
0.9650000000000007,572.9763932408196
0.9700000000000008,568.2863806283392
0.9750000000000008,563.596368015859
0.9800000000000008,558.9063554033786
0.9850000000000008,554.2163427908984
0.9900000000000008,549.526330178418
0.9950000000000008,544.6143545700922
1.0000000000000009,538.8363594042063
1.0050000000000008,533.0583642383205
1.010000000000001,527.2803690724344
1.0150000000000008,521.5023739065485
1.020000000000001,515.7243787406625
1.0250000000000008,509.9463835747767
1.030000000000001,503.6161544588566
1.0350000000000008,496.889205551246
1.040000000000001,490.1622566436351
1.0450000000000008,483.43530773602447
1.050000000000001,476.70835882841357
1.0550000000000008,469.981409920803
1.060000000000001,463.2544610131921
1.0650000000000008,457.2769698210515
1.070000000000001,451.3308148400103
1.0750000000000008,445.38465985896937
1.080000000000001,439.43850487792815
1.0850000000000009,433.4923498968872
1.090000000000001,427.546194915846
1.0950000000000009,421.82336671791677
1.100000000000001,416.5383474611365
1.1050000000000009,411.2533282043564
1.110000000000001,405.96830894757613
1.1150000000000009,400.68328969079613
1.120000000000001,395.3982704340159
1.1250000000000009,390.1132511772359
1.130000000000001,385.23712847517146
1.135000000000001,380.52341795605497
1.140000000000001,375.80970743693825
1.145000000000001,371.09599691782176
1.150000000000001,366.38228639870505
1.155000000000001,361.66857587958856
1.160000000000001,357.00078996533693
1.165000000000001,352.7774886195992
1.170000000000001,348.55418727386126
1.175000000000001,344.3308859281235
1.180000000000001,340.1075845823856
1.185000000000001,335.8842832366479
1.190000000000001,331.66098189090997
1.195000000000001,327.6276775814226
1.200000000000001,323.8072777522721
1.205000000000001,319.9868779231218
1.210000000000001,316.16647809397136
1.215000000000001,312.346078264821
1.220000000000001,308.52567843567056
1.225000000000001,304.70527860652027
1.230000000000001,301.1599468670828
1.235000000000001,297.66334766322444
1.240000000000001,294.166748459366
1.245000000000001,290.6701492555076
1.250000000000001,287.1735500516491
1.255000000000001,283.67695084779075
1.2600000000000011,280.1935560552332
1.265000000000001,276.755017424595
1.2700000000000011,273.31647879395666
1.275000000000001,269.87794016331844
1.2800000000000011,266.4394015326801
1.285000000000001,263.0008629020419
1.2900000000000011,259.56232427140355
1.295000000000001,256.33891220945054
1.3000000000000012,253.25574840774522
1.305000000000001,250.17258460604
1.3100000000000012,247.08942080433465
1.315000000000001,244.00625700262944
1.3200000000000012,240.9230932009241
1.325000000000001,237.83992939921882
1.3300000000000012,235.0626589481859
1.335000000000001,232.29059076502162
1.3400000000000012,229.51852258185718
1.345000000000001,226.7464543986929
1.3500000000000012,223.97438621552848
1.355000000000001,221.20231803236416
1.3600000000000012,218.52894184900342
1.365000000000001,216.03010429492505
1.3700000000000012,213.53126674084658
1.375000000000001,211.03242918676818
1.3800000000000012,208.5335916326897
1.3850000000000011,206.03475407861134
1.3900000000000012,203.53591652453287
1.3950000000000011,201.2150073710738
1.4000000000000012,198.95689647665674
1.4050000000000011,196.69878558223974
1.4100000000000013,194.44067468782265
1.4150000000000011,192.18256379340565
1.4200000000000013,189.92445289898856
1.4250000000000012,187.6912426791759
1.4300000000000013,185.64585469066378
1.4350000000000012,183.6004667021518
1.4400000000000013,181.5550787136397
1.4450000000000012,179.5096907251277
1.4500000000000013,177.4643027366156
1.4550000000000012,175.41891474810362
1.4600000000000013,173.4664585344558
1.4650000000000012,171.60881784786545
1.4700000000000013,169.75117716127505
1.4750000000000012,167.89353647468474
1.4800000000000013,166.03589578809434
1.4850000000000012,164.17825510150402
1.4900000000000013,162.32061441491362
1.4950000000000012,160.60474406110578
1.5000000000000013,158.9095145986608
1.5050000000000012,157.21428513621586
1.5100000000000013,155.51905567377088
1.5150000000000012,153.82382621132595
1.5200000000000014,152.12859674888097
1.5250000000000012,150.47103118252343
1.5300000000000014,148.92595511914664
1.5350000000000013,147.3808790557699
1.5400000000000014,145.8358029923931
1.5450000000000013,144.29072692901636
1.5500000000000014,142.74565086563956
1.5550000000000013,141.20057480226285
1.5600000000000014,139.73979817242858
1.5650000000000013,138.32879408048385
1.5700000000000014,136.91778998853903
1.5750000000000013,135.50678589659427
1.5800000000000014,134.09578180464945
1.5850000000000013,132.68477771270472
1.5900000000000014,131.2745762887953
1.5950000000000013,129.983571068137
1.6000000000000014,128.69256584747868
1.6050000000000013,127.4015606268204
1.6100000000000014,126.11055540616208
1.6150000000000013,124.81955018550379
1.6200000000000014,123.52854496484544
1.6250000000000013,122.27894319471505
1.6300000000000014,121.09558694542919
1.6350000000000013,119.91223069614338
1.6400000000000015,118.72887444685752
1.6450000000000014,117.54551819757168
1.6500000000000015,116.36216194828582
1.6550000000000014,115.17880569899998
1.6600000000000015,114.06925000676362
1.6650000000000014,112.98267606694183
1.6700000000000015,111.89610212711997
1.6750000000000014,110.80952818729818
1.6800000000000015,109.72295424747634
1.6850000000000014,108.63638030765455
1.6900000000000015,107.56205466629294
1.6950000000000014,106.56267694646182
1.7000000000000015,105.56329922663066
1.7050000000000014,104.56392150679952
1.7100000000000015,103.56454378696836
1.7150000000000014,102.56516606713721
1.7200000000000015,101.56578834730605
1.7250000000000014,100.60429659623303
1.7300000000000015,99.6780021322642
1.7350000000000014,98.75170766829542
1.7400000000000015,97.82541320432661
1.7450000000000014,96.89911874035782
1.7500000000000016,95.972824276389
1.7550000000000014,95.04652981242022
1.7600000000000016,94.17941346656758
1.7650000000000015,93.31914235079554
1.7700000000000016,92.4588712350235
1.7750000000000015,91.59860011925146
1.7800000000000016,90.7383290034794
1.7850000000000015,89.87805788770736
1.7900000000000016,89.03588743672944
1.7950000000000015,88.24161752551157
1.8000000000000016,87.44734761429368
1.8050000000000015,86.6530777030758
1.8100000000000016,85.8588077918579
1.8150000000000015,85.06453788064003
1.8200000000000016,84.27026796942214
1.8250000000000015,83.51504528755399
1.8300000000000016,82.7806477946723
1.8350000000000015,82.04625030179065
1.8400000000000016,81.31185280890897
1.8450000000000015,80.57745531602731
1.8500000000000016,79.84305782314563
1.8550000000000015,79.11029803635866
1.8600000000000017,78.43030877928851
1.8650000000000015,77.7503195222184
1.8700000000000017,77.07033026514826
1.8750000000000016,76.39034100807814
1.8800000000000017,75.710351751008
1.8850000000000016,75.0303624939379
1.8900000000000017,74.37058140796793
1.8950000000000016,73.74011873416794
1.9000000000000017,73.10965606036791
1.9050000000000016,72.47919338656791
1.9100000000000017,71.84873071276787
1.9150000000000016,71.21826803896786
1.9200000000000017,70.58780536516784
1.9250000000000016,69.99283375641267
1.9300000000000017,69.40752779941432
1.9350000000000016,68.82222184241601
1.9400000000000017,68.23691588541769
1.9450000000000016,67.65160992841936
1.9500000000000017,67.06630397142104
1.9550000000000016,66.4877559991788
1.9600000000000017,65.94368754099803
1.9650000000000016,65.3996190828173
1.9700000000000017,64.85555062463654
1.9750000000000016,64.3114821664558
1.9800000000000018,63.76741370827504
1.9850000000000017,63.22334525009431
1.9900000000000018,62.69971152621587
1.9950000000000017,62.19335902825976
2.0000000000000018,61.687006530303634
2.0050000000000017,61.180654032347526
2.0100000000000016,60.674301534391404
2.015000000000002,60.16794903643525
2.020000000000002,59.661596538479145
2.0250000000000017,59.1862553170324
2.0300000000000016,58.71362053426281
2.035000000000002,58.24098575149319
2.040000000000002,57.7683509687236
2.0450000000000017,57.29571618595403
2.0500000000000016,56.82308140318444
2.055000000000002,56.359448815262134
2.060000000000002,55.917057361249235
2.0650000000000017,55.47466590723634
2.0700000000000016,55.03227445322344
2.075000000000002,54.5898829992105
2.080000000000002,54.1474915451976
2.0850000000000017,53.7051000911847
2.0900000000000016,53.282553246475764
2.095000000000002,52.86953574385825
2.100000000000002,52.4565182412408
2.1050000000000018,52.04350073862334
2.1100000000000017,51.63048323600587
2.115000000000002,51.21746573338838
2.120000000000002,50.80589355164613
2.1250000000000018,50.419885482884006
2.1300000000000017,50.03387741412189
2.135000000000002,49.64786934535974
2.140000000000002,49.261861276597614
2.145000000000002,48.8758532078355
2.1500000000000017,48.489845139073374
2.155000000000002,48.114565899139464
2.160000000000002,47.75342542587844
2.165000000000002,47.392284952617416
2.1700000000000017,47.0311444793564
2.175000000000002,46.67000400609535
2.180000000000002,46.30886353283433
2.185000000000002,45.947723059573306
2.1900000000000017,45.60513687130741
2.195000000000002,45.2669209071932
2.200000000000002,44.928704943079026
2.205000000000002,44.590488978964856
2.2100000000000017,44.25227301485069
2.215000000000002,43.91405705073648
2.220000000000002,43.57980400005381
2.225000000000002,43.26274716301135
2.2300000000000018,42.945690325968876
2.235000000000002,42.62863348892638
2.240000000000002,42.31157665188391
2.245000000000002,41.994519814841446
2.2500000000000018,41.67746297779898
2.255000000000002,41.371457779002355
2.260000000000002,41.073953840394886
2.265000000000002,40.77644990178741
2.270000000000002,40.47894596317994
2.275000000000002,40.18144202457243
2.280000000000002,39.883938085964964
2.285000000000002,39.586434147357494
2.290000000000002,39.30170418030479
2.295000000000002,39.01774427536707
2.300000000000002,38.733784370429376
2.305000000000002,38.44982446549168
2.310000000000002,38.16586456055398
2.315000000000002,37.88190465561626
2.320000000000002,37.60304575444481
2.325000000000002,37.334973350820704
2.330000000000002,37.0669009471966
2.335000000000002,36.79882854357248
2.340000000000002,36.53075613994838
2.345000000000002,36.26268373632428
2.350000000000002,35.994611332700174
2.355000000000002,35.73780256061265
2.360000000000002,35.48584415617248
2.365000000000002,35.233885751732316
2.370000000000002,34.98192734729215
2.375000000000002,34.729968942851954
2.380000000000002,34.47801053841179
2.385000000000002,34.2272014726734
2.390000000000002,33.9901844713563
2.3950000000000022,33.75316747003917
2.400000000000002,33.516150468722074
2.405000000000002,33.27913346740497
2.410000000000002,33.04211646608787
2.4150000000000023,32.80509946477074
2.420000000000002,32.574390642060955
2.425000000000002,32.3512423569467
2.430000000000002,32.12809407183243
2.4350000000000023,31.90494578671815
2.440000000000002,31.681797501603885
2.445000000000002,31.458649216489626
2.450000000000002,31.235500931375366
2.4550000000000023,31.02308371016369
2.460000000000002,30.81282132106099
2.465000000000002,30.602558931958292
2.470000000000002,30.39229654285559
2.4750000000000023,30.182034153752866
2.480000000000002,29.971771764650168
2.485000000000002,29.764034550294234
2.490000000000002,29.565756720703956
2.4950000000000023,29.367478891113656
2.500000000000002,29.169201061523374
2.505000000000002,28.9709232319331
2.510000000000002,28.772645402342818
2.5150000000000023,28.574367572752518
2.5200000000000022,28.382657094564774
2.525000000000002,28.195536299459466
2.530000000000002,28.00841550435416
2.5350000000000024,27.82129470924884
2.5400000000000023,27.634173914143535
2.545000000000002,27.447053119038227
2.550000000000002,27.259932323932922
2.5550000000000024,27.08286019389291
2.5600000000000023,26.906135768526447
2.565000000000002,26.72941134315998
2.570000000000002,26.552686917793515
2.5750000000000024,26.375962492427043
2.5800000000000023,26.199238067060577
2.585000000000002,26.025853872282262
2.590000000000002,25.858825844448386
2.5950000000000024,25.691797816614486
2.6000000000000023,25.52476978878061
2.605000000000002,25.357741760946727
2.610000000000002,25.19071373311285
2.6150000000000024,25.023685705278957
2.6200000000000023,24.862135053648522
2.625000000000002,24.702689134540705
2.630000000000002,24.543243215432888
2.6350000000000025,24.383797296325053
2.6400000000000023,24.224351377217232
2.6450000000000022,24.064905458109415
2.650000000000002,23.906290890294613
2.6550000000000025,23.755130772407156
2.6600000000000024,23.603970654519717
2.6650000000000023,23.452810536632274
2.670000000000002,23.30165041874483
2.6750000000000025,23.150490300857378
2.6800000000000024,22.999330182969935
2.6850000000000023,22.852026123292223
2.690000000000002,22.708928672570575
2.6950000000000025,22.56583122184891
2.7000000000000024,22.422733771127263
2.7050000000000023,22.27963632040561
2.710000000000002,22.136538869683964
2.7150000000000025,21.993441418962302
2.7200000000000024,21.856803115002315
2.7250000000000023,21.72124974584995
2.730000000000002,21.585696376697587
2.7350000000000025,21.450143007545208
2.7400000000000024,21.314589638392842
2.7450000000000023,21.179036269240477
2.750000000000002,21.04513633953929
2.7550000000000026,20.916645518899777
2.7600000000000025,20.788154698260275
2.7650000000000023,20.659663877620776
2.7700000000000022,20.531173056981274
2.7750000000000026,20.40268223634176
2.7800000000000025,20.274191415702266
2.7850000000000024,20.1497504502835
2.7900000000000023,20.02787660620684
2.7950000000000026,19.906002762130164
2.8000000000000025,19.7841289180535
2.8050000000000024,19.66225507397684
2.8100000000000023,19.540381229900177
2.8150000000000026,19.418507385823503
2.8200000000000025,19.302775590126267
2.8250000000000024,19.18710604491936
2.8300000000000023,19.071436499712455
2.8350000000000026,18.95576695450554
2.8400000000000025,18.840097409298632
2.8450000000000024,18.724427864091727
2.8500000000000023,18.610900096844542
2.8550000000000026,18.501052293546326
2.8600000000000025,18.39120449024812
2.8650000000000024,18.281356686949916
2.8700000000000023,18.17150888365171
2.8750000000000027,18.061661080353495
2.8800000000000026,17.951813277055287
2.8850000000000025,17.846042715105483
2.8900000000000023,17.741661706260953
2.8950000000000027,17.637280697416415
2.9000000000000026,17.53289968857189
2.9050000000000025,17.42851867972736
2.9100000000000024,17.324137670882838
2.9150000000000027,17.22039236660423
2.9200000000000026,17.121148537900563
2.9250000000000025,17.0219047091969
2.9300000000000024,16.922660880493233
2.9350000000000027,16.823417051789562
2.9400000000000026,16.7241732230859
2.9450000000000025,16.624929394382235
2.9500000000000024,16.528109060580494
2.9550000000000027,16.433696065047982
2.9600000000000026,16.33928306951548
2.9650000000000025,16.24487007398298
2.9700000000000024,16.15045707845048
2.9750000000000028,16.05604408291797
2.9800000000000026,15.961631087385467
2.9850000000000025,15.86962411815422
2.9900000000000024,15.77794649092619
2.9950000000000028,15.686268863698146
3.0000000000000027,15.594591236470116
3.0050000000000026,15.50291360924208
3.0100000000000025,15.411235982014047
3.015000000000003,15.320644305632491
3.0200000000000027,15.233183552470669
3.0250000000000026,15.145722799308848
3.0300000000000025,15.058262046147028
3.035000000000003,14.970801292985197
3.0400000000000027,14.883340539823378
3.0450000000000026,14.795879786661557
3.0500000000000025,14.711084050907585
3.055000000000003,14.627817193561265
3.0600000000000027,14.544550336214954
3.0650000000000026,14.461283478868642
3.0700000000000025,14.37801662152233
3.075000000000003,14.294749764176009
3.0800000000000027,14.211535761639988
3.0850000000000026,14.132219801362538
3.0900000000000025,14.05290384108509
3.095000000000003,13.973587880807633
3.1000000000000028,13.894271920530185
3.1050000000000026,13.814955960252737
3.1100000000000025,13.735639999975287
3.115000000000003,13.65778139592288
3.1200000000000028,13.582189790442763
3.1250000000000027,13.506598184962652
3.1300000000000026,13.431006579482535
3.135000000000003,13.355414974002414
3.140000000000003,13.279823368522297
3.1450000000000027,13.204231763042184
3.1500000000000026,13.131342462851025
3.155000000000003,13.059263854246542
3.160000000000003,12.987185245642069
3.1650000000000027,12.915106637037594
3.1700000000000026,12.843028028433118
3.175000000000003,12.770949419828636
3.180000000000003,12.699358734649028
3.1850000000000027,12.63059578749988
3.1900000000000026,12.561832840350732
3.195000000000003,12.493069893201577
3.200000000000003,12.424306946052429
3.2050000000000027,12.355543998903281
3.2100000000000026,12.286781051754133
3.215000000000003,12.219662291773584
3.220000000000003,12.154030631015598
3.2250000000000028,12.088398970257613
3.2300000000000026,12.022767309499626
3.235000000000003,11.957135648741634
3.240000000000003,11.891503987983649
3.2450000000000028,11.825872327225664
3.2500000000000027,11.762912582653886
3.255000000000003,11.700239821672472
3.260000000000003,11.637567060691065
3.265000000000003,11.574894299709658
3.2700000000000027,11.51222153872825
3.275000000000003,11.449548777746838
3.280000000000003,11.387661967811665
3.285000000000003,11.327786818292452
3.2900000000000027,11.267911668773237
3.295000000000003,11.20803651925402
3.300000000000003,11.148161369734805
3.305000000000003,11.088286220215592
3.3100000000000027,11.028411070696377
3.315000000000003,10.970279671254024
3.320000000000003,10.913051127181424
3.325000000000003,10.855822583108822
3.3300000000000027,10.798594039036221
3.335000000000003,10.741365494963615
3.340000000000003,10.684136950891013
3.345000000000003,10.627000568903574
3.3500000000000028,10.572277157873064
3.355000000000003,10.51755374684255
3.360000000000003,10.462830335812042
3.365000000000003,10.408106924781531
3.3700000000000028,10.353383513751021
3.375000000000003,10.298660102720508
3.380000000000003,10.24492060752441
3.385000000000003,10.192569703223645
3.390000000000003,10.140218798922882
3.395000000000003,10.087867894622114
3.400000000000003,10.035516990321351
3.405000000000003,9.983166086020589
3.410000000000003,9.930815181719824
3.415000000000003,9.880246211957374
3.420000000000003,9.830143402285117
3.425000000000003,9.780040592612863
3.430000000000003,9.729937782940606
3.435000000000003,9.679834973268347
3.440000000000003,9.629732163596092
3.445000000000003,9.5799928893456
3.450000000000003,9.532021395185252
3.455000000000003,9.484049901024898
3.460000000000003,9.436078406864548
3.465000000000003,9.388106912704199
3.470000000000003,9.340135418543849
3.475000000000003,9.292163924383495
3.480000000000003,9.24530128650177
3.485000000000003,9.199351426654276
3.490000000000003,9.15340156680678
3.495000000000003,9.107451706959282
3.500000000000003,9.061501847111787
3.505000000000003,9.015551987264292
3.510000000000003,8.969602127416797
3.5150000000000032,8.925429660827612
3.520000000000003,8.88139835904595
3.525000000000003,8.837367057264284
3.530000000000003,8.793335755482621
3.5350000000000033,8.749304453700955
3.540000000000003,8.705273151919291
3.545000000000003,8.661796259949533
3.550000000000003,8.619586590406985
3.5550000000000033,8.577376920864433
3.560000000000003,8.535167251321884
3.565000000000003,8.492957581779335
3.570000000000003,8.450747912236785
3.5750000000000033,8.408538242694233
3.580000000000003,8.367509206038303
3.585000000000003,8.327029973912904
3.590000000000003,8.286550741787503
3.5950000000000033,8.2460715096621
3.600000000000003,8.205592277536699
3.605000000000003,8.1651130454113
3.610000000000003,8.124732818481007
3.6150000000000033,8.0858981726521
3.620000000000003,8.047063526823198
3.625000000000003,8.008228880994295
3.630000000000003,7.969394235165391
3.6350000000000033,7.930559589336483
3.6400000000000032,7.8917249435075805
3.645000000000003,7.853575406194284
3.650000000000003,7.8163044813284825
3.6550000000000034,7.779033556462678
3.6600000000000033,7.741762631596877
3.665000000000003,7.704491706731076
3.670000000000003,7.667220781865275
3.6750000000000034,7.6299498569994695
3.6800000000000033,7.5933715369675605
3.685000000000003,7.556949336877716
3.690000000000003,7.520527136787872
3.6950000000000034,7.484104936698024
3.7000000000000033,7.44768273660818
3.705000000000003,7.411260536518337
3.710000000000003,7.37501296751098
3.7150000000000034,7.339491020760161
3.7200000000000033,7.303969074009345
3.725000000000003,7.26844712725853
3.730000000000003,7.232925180507714
3.7350000000000034,7.197403233756895
3.7400000000000033,7.1618812870060795
3.745000000000003,7.1271771871036425
3.750000000000003,7.093085276654959
3.7550000000000034,7.058993366206273
3.7600000000000033,7.02490145575759
3.7650000000000032,6.990809545308909
3.770000000000003,6.956717634860225
3.7750000000000035,6.92262572441154
3.7800000000000034,6.889826224480731
3.7850000000000033,6.857094985668826
3.790000000000003,6.824363746856919
3.7950000000000035,6.791632508045009
3.8000000000000034,6.758901269233103
3.8050000000000033,6.726170030421197
3.810000000000003,6.693863316424001
3.8150000000000035,6.662427311485544
3.8200000000000034,6.630991306547091
3.8250000000000033,6.599555301608636
3.830000000000003,6.568119296670183
3.8350000000000035,6.536683291731727
3.8400000000000034,6.5052472867932725
3.8450000000000033,6.474681723474819
3.850000000000003,6.44447918794101
3.8550000000000035,6.414276652407197
3.8600000000000034,6.3840741168733866
3.8650000000000033,6.353871581339576
3.870000000000003,6.323669045805767
3.8750000000000036,6.29356476637467
3.8800000000000034,6.264537373829347
3.8850000000000033,6.235509981284023
3.8900000000000032,6.206482588738699
3.8950000000000036,6.177455196193372
3.9000000000000035,6.1484278036480475
3.9050000000000034,6.119400411102723
3.9100000000000033,6.090889958377752
3.9150000000000036,6.062982602109855
3.9200000000000035,6.035075245841962
3.9250000000000034,6.007167889574068
3.9300000000000033,5.979260533306173
3.9350000000000036,5.951353177038276
3.9400000000000035,5.9234458207703815
3.9450000000000034,5.896434968065618
3.9500000000000033,5.869595558273326
3.9550000000000036,5.8427561484810315
3.9600000000000035,5.815916738688738
3.9650000000000034,5.789077328896446
3.9700000000000033,5.7622379191041535
3.9750000000000036,5.735619962597339
3.9800000000000035,5.709799237918258
3.9850000000000034,5.683978513239177
3.9900000000000033,5.658157788560095
3.9950000000000037,5.632337063881011
4.0000000000000036,5.60651633920193
4.0050000000000034,5.580695614522848
4.010000000000003,5.555453584468975
4.015000000000003,5.530604936716508
4.020000000000003,5.505756288964041
4.025000000000004,5.480907641211569
4.030000000000004,5.456058993459103
4.035000000000004,5.431210345706636
4.040000000000004,5.406361697954169
4.0450000000000035,5.382416180705812
4.050000000000003,5.358495491787465
4.055000000000003,5.334574802869119
4.060000000000003,5.310654113950772
4.065000000000004,5.28673342503242
4.070000000000004,5.262812736114073
4.075000000000004,5.239203247178638
4.080000000000004,5.216168737259247
4.0850000000000035,5.193134227339856
4.090000000000003,5.170099717420465
4.095000000000003,5.147065207501074
4.100000000000003,5.1240306975816825
4.105000000000004,5.100996187662288
4.110000000000004,5.078578928317092
4.115000000000004,5.05639101436873
4.120000000000004,5.034203100420367
4.1250000000000036,5.012015186472004
4.1300000000000034,4.989827272523641
4.135000000000003,4.967639358575279
4.140000000000003,4.945538034903884
4.145000000000004,4.924159198855932
4.150000000000004,4.9027803628079845
4.155000000000004,4.881401526760037
4.160000000000004,4.860022690712089
4.165000000000004,4.838643854664141
4.1700000000000035,4.817265018616193
4.175000000000003,4.796261292144618
4.180000000000003,4.775655957912775
4.185000000000004,4.75505062368093
4.190000000000004,4.734445289449087
4.195000000000004,4.713839955217244
4.200000000000004,4.693234620985401
4.205000000000004,4.672629286753559
4.2100000000000035,4.652662267788421
4.215000000000003,4.632796686520703
4.220000000000003,4.612931105252986
4.225000000000004,4.593065523985265
4.230000000000004,4.573199942717547
4.235000000000004,4.553334361449831
4.240000000000004,4.533639202062948
4.245000000000004,4.514481344994806
4.2500000000000036,4.495323487926664
4.2550000000000034,4.476165630858523
4.260000000000003,4.45700777379038
4.265000000000004,4.437849916722235
4.270000000000004,4.418692059654092
4.275000000000004,4.39995327734914
4.280000000000004,4.381472735709072
4.285000000000004,4.362992194069005
4.290000000000004,4.3445116524289356
4.2950000000000035,4.326031110788867
4.300000000000003,4.307550569148799
4.305000000000004,4.289070027508727
4.310000000000004,4.271235750288145
4.315000000000004,4.253403641740112
4.320000000000004,4.235571533192077
4.325000000000004,4.217739424644044
4.330000000000004,4.19990731609601
4.3350000000000035,4.182075207547977
4.340000000000003,4.164475710525598
4.345000000000004,4.147264591675513
4.350000000000004,4.1300534728254314
4.355000000000004,4.11284235397535
4.360000000000004,4.095631235125269
4.365000000000004,4.078420116275188
4.370000000000004,4.061208997425107
4.3750000000000036,4.0444455483434485
4.3800000000000034,4.027829332874515
4.385000000000004,4.011213117405579
4.390000000000004,3.9945969019366463
4.395000000000004,3.977980686467713
4.400000000000004,3.96136447099878
4.405000000000004,3.9448226160739472
4.410000000000004,3.9287764981097775
4.415000000000004,3.9127303801456086
4.4200000000000035,3.8966842621814393
4.425000000000004,3.880638144217267
4.430000000000004,3.8645920262530975
4.435000000000004,3.8485459082889286
4.440000000000004,3.832777609870174
4.445000000000004,3.817277992195999
4.450000000000004,3.801778374521824
4.455000000000004,3.786278756847649
4.4600000000000035,3.7707791391734733
4.465000000000004,3.7552795214992956
4.470000000000004,3.7397799038251205
4.475000000000004,3.7247447402843408
4.480000000000004,3.7097691670852044
4.485000000000004,3.6947935938860677
4.490000000000004,3.6798180206869304
4.495000000000004,3.664842447487794
4.5000000000000036,3.6498668742886577
4.505000000000004,3.645271648114675
4.510000000000004,3.6695837174536607
4.515000000000004,3.6938957867926474
4.520000000000004,3.718207856131634
4.525000000000004,3.74251992547062
4.530000000000004,3.7668319948096065
4.535000000000004,3.791144064148593
4.540000000000004,3.8234455857477716
4.545000000000004,3.860199562512777
4.550000000000004,3.896953539277777
4.555000000000004,3.933707516042776
4.560000000000004,3.970461492807776
4.565000000000004,4.007215469572775
4.570000000000004,4.0440108452094075
4.575000000000004,4.082827865744009
4.580000000000004,4.121644886278611
4.585000000000004,4.16046190681322
4.590000000000004,4.199278927347822
4.595000000000004,4.238095947882424
4.600000000000004,4.276912968417026
4.605000000000004,4.316590746588636
4.610000000000004,4.357570511101936
4.615000000000004,4.398550275615235
4.620000000000004,4.439530040128535
4.625000000000004,4.480509804641841
4.630000000000004,4.5214895691551416
4.635000000000004,4.5624693336684405
4.640000000000004,4.605207716859737
4.645000000000004,4.648453976996831
4.650000000000004,4.691700237133926
4.655000000000004,4.73494649727102
4.660000000000004,4.778192757408115
4.6650000000000045,4.821439017545217
4.670000000000004,4.865050575010485
4.675000000000004,4.910671267780698
4.680000000000004,4.956291960550912
4.685000000000004,5.001912653321125
4.690000000000004,5.047533346091338
4.695000000000004,5.0931540388615515
4.700000000000004,5.138774731631765
4.7050000000000045,5.185717779203052
4.710000000000004,5.2338251643350135
4.715000000000004,5.281932549466974
4.720000000000004,5.330039934598935
4.725000000000004,5.378147319730896
4.730000000000004,5.426254704862857
4.735000000000004,5.474362089994819
4.740000000000004,5.524837799735124
4.7450000000000045,5.575548600521118
4.750000000000004,5.6262594013071014
4.755000000000004,5.676970202093086
4.760000000000004,5.72768100287907
4.765000000000004,5.778391803665055
4.770000000000004,5.829886310919147
4.775000000000004,5.883321858611689
4.780000000000004,5.93675740630423
4.785000000000005,5.9901929539967815
4.7900000000000045,6.043628501689323
4.795000000000004,6.097064049381864
4.800000000000004,6.150499597074406
4.805000000000004,6.20583252266773
4.810000000000004,6.262118904492597
4.815000000000004,6.318405286317466
4.820000000000004,6.374691668142335
4.825000000000005,6.430978049967213
4.8300000000000045,6.487264431792081
4.835000000000004,6.543680458357164
4.840000000000004,6.602948669206883
4.845000000000004,6.662216880056603
4.850000000000004,6.721485090906322
4.855000000000004,6.780753301756041
4.860000000000004,6.840021512605761
4.865000000000005,6.8992897234554915
4.8700000000000045,6.959871826495771
4.875000000000004,7.022257924369116
4.880000000000004,7.08464402224246
4.885000000000004,7.147030120115804
4.890000000000004,7.209416217989148
4.895000000000004,7.271802315862493
4.900000000000004,7.334188413735837
4.905000000000005,7.399179665468054
4.910000000000005,7.464824930721309
4.9150000000000045,7.530470195974565
4.920000000000004,7.5961154612278206
4.925000000000004,7.6617607264810745
4.930000000000004,7.72740599173433
4.935000000000004,7.787925236360911
4.940000000000004,7.824652007890248
4.945000000000005,7.86137877941959
4.950000000000005,7.898105550948927
4.9550000000000045,7.934832322478264
4.960000000000004,7.971559094007599
4.965000000000004,8.008285865536937
4.970000000000004,8.02394092916399
4.975000000000004,8.022713238869388
4.980000000000004,8.021485548574788
4.985000000000005,8.020257858280186
4.990000000000005,8.019030167985585
4.9950000000000045,8.017802477690985
5.000000000000004,8.016574787396385
5.005000000000004,8.015355805380821
5.010000000000004,8.01413744761465
5.015000000000004,8.01291908984848
5.020000000000004,8.011700732082309
5.025000000000005,8.010482374316139
5.030000000000005,8.009264016549968
5.035000000000005,8.008048520598818
5.0400000000000045,8.006839363721795
5.045000000000004,8.005630206844776
5.050000000000004,8.004421049967753
5.055000000000004,8.003211893090734
5.060000000000004,8.002002736213711
5.065000000000005,8.00079357933669
5.070000000000005,7.9995906727007045
5.075000000000005,7.998390587775475
5.0800000000000045,7.9971905028502475
5.085000000000004,7.995990417925018
5.090000000000004,7.9947903329997905
5.095000000000004,7.993590248074561
5.100000000000004,7.99239076152015
5.105000000000005,7.991199622238633
5.110000000000005,7.990008482957117
5.115000000000005,7.9888173436756
5.1200000000000045,7.987626204394084
5.125000000000004,7.986435065112567
5.130000000000004,7.985243925831051
5.135000000000004,7.984056710669969
5.140000000000004,7.9828743932832635
5.145000000000005,7.981692075896558
5.150000000000005,7.980509758509853
5.155000000000005,7.979327441123147
5.160000000000005,7.978145123736444
5.1650000000000045,7.976962806349738
5.170000000000004,7.975787647346791
5.175000000000004,7.9746140305972535
5.180000000000004,7.973440413847717
5.185000000000005,7.972266797098181
5.190000000000005,7.9710931803486424
5.195000000000005,7.969919563599107
5.200000000000005,7.968747668950943
5.2050000000000045,7.9675826340065825
5.210000000000004,7.966417599062221
5.215000000000004,7.965252564117861
5.220000000000004,7.9640875291735
5.225000000000005,7.962922494229139
5.230000000000005,7.961757459284778
5.235000000000005,7.960597322343778
5.240000000000005,7.959440752734705
5.2450000000000045,7.958284183125632
5.250000000000004,7.957127613516558
5.255000000000004,7.9559710439074856
5.260000000000004,7.954814474298414
5.265000000000005,7.953657904689339
5.270000000000005,7.952509323152178
5.275000000000005,7.951361104709195
5.280000000000005,7.950212886266211
5.285000000000005,7.949064667823228
5.2900000000000045,7.947916449380245
5.295000000000004,7.946768230937261
5.300000000000004,7.945622768092281
5.305000000000005,7.944482788887326
5.310000000000005,7.943342809682373
5.315000000000005,7.942202830477418
5.320000000000005,7.9410628512724655
5.325000000000005,7.939922872067512
5.3300000000000045,7.938782892862557
5.335000000000004,7.937648711571282
5.340000000000004,7.936516871221682
5.345000000000005,7.935385030872079
5.350000000000005,7.934253190522476
5.355000000000005,7.9331213501728755
5.360000000000005,7.931989509823273
5.365000000000005,7.930858399228494
5.3700000000000045,7.929734640237851
5.375000000000004,7.9286108812472085
5.380000000000004,7.927487122256564
5.385000000000005,7.926363363265922
5.390000000000005,7.925239604275279
5.395000000000005,7.924115845284635
5.400000000000005,7.920187903467511
5.405000000000005,7.913075211154613
5.410000000000005,7.905962518841713
5.4150000000000045,7.8988498265288145
5.420000000000004,7.891737134215917
5.425000000000005,7.884624441903015
5.430000000000005,7.877511749590117
5.435000000000005,7.865165473053542
5.440000000000005,7.851867635749035
5.445000000000005,7.838569798444528
5.450000000000005,7.825271961140021
5.4550000000000045,7.811974123835514
5.460000000000004,7.798676286531006
5.465000000000005,7.785429465440993
5.470000000000005,7.77235929751163
5.475000000000005,7.759289129582266
5.480000000000005,7.746218961652901
5.485000000000005,7.7331487937235375
5.490000000000005,7.720078625794173
5.4950000000000045,7.70700845786481
5.500000000000004,7.694072197381264
5.505000000000005,7.681224464598005
5.510000000000005,7.6683767318147495
5.515000000000005,7.655528999031494
5.520000000000005,7.642681266248238
5.525000000000005,7.629833533464982
5.530000000000005,7.616985800681726
5.535000000000005,7.60435105794073
5.5400000000000045,7.591720676770564
5.545000000000005,7.5790902956003965
5.550000000000005,7.56645991443023
5.555000000000005,7.553829533260065
5.560000000000005,7.541199152089899
5.565000000000005,7.528644785141784
5.570000000000005,7.516226817545385
5.575000000000005,7.503808849948987
5.5800000000000045,7.491390882352588
5.585000000000005,7.478972914756188
5.590000000000005,7.46655494715979
5.595000000000005,7.454136979563391
5.600000000000005,7.441871772929076
5.605000000000005,7.429661421367506
5.610000000000005,7.417451069805938
5.615000000000005,7.405240718244369
5.6200000000000045,7.3930303666828
5.625000000000005,7.380820015121229
5.630000000000005,7.368632741963962
5.635000000000005,7.356625344604947
5.640000000000005,7.344617947245934
5.645000000000005,7.332610549886918
5.650000000000005,7.320603152527903
5.655000000000005,7.308595755168888
5.660000000000005,7.296588357809873
5.665000000000005,7.2846785131284895
5.670000000000005,7.272869539243029
5.675000000000005,7.2610605653575675
5.680000000000005,7.249251591472107
5.685000000000005,7.2374426175866455
5.690000000000005,7.225633643701185
5.695000000000005,7.2138246698157245
5.700000000000005,7.202184408474799
5.705000000000005,7.190569454015554
5.710000000000005,7.178954499556308
5.715000000000005,7.167339545097065
5.720000000000005,7.1557245906378215
5.725000000000005,7.144109636178577
5.730000000000005,7.1325416402415245
5.735000000000005,7.12111642359492
5.740000000000005,7.109691206948315
5.745000000000005,7.098265990301708
5.750000000000005,7.086840773655104
5.755000000000005,7.075415557008499
5.760000000000005,7.063990340361895
5.765000000000005,7.052681185390789
5.770000000000005,7.041441543294846
5.775000000000005,7.030201901198906
5.780000000000005,7.018962259102963
5.7850000000000055,7.00772261700702
5.790000000000005,6.996482974911078
5.795000000000005,6.9852439399245565
5.800000000000005,6.974185823545263
5.805000000000005,6.9631277071659685
5.810000000000005,6.9520695907866745
5.815000000000005,6.94101147440738
5.820000000000005,6.9299533580280865
5.8250000000000055,6.91889524164879
5.830000000000005,6.907904834230627
5.835000000000005,6.897024305389738
5.840000000000005,6.886143776548851
5.845000000000005,6.875263247707962
5.850000000000005,6.864382718867073
5.855000000000005,6.853502190026186
5.860000000000005,6.842621661185297
5.8650000000000055,6.831873047729667
5.870000000000005,6.821166275277292
5.875000000000005,6.810459502824918
5.880000000000005,6.799752730372544
5.885000000000005,6.78904595792017
5.890000000000005,6.778339185467795
5.895000000000005,6.766502036584407
5.900000000000005,6.747551787232736
5.905000000000006,6.728601537881063
5.9100000000000055,6.709651288529393
5.915000000000005,6.690701039177722
5.920000000000005,6.671750789826053
5.925000000000005,6.652800540474383
5.930000000000005,6.633422617863766
5.935000000000005,6.613642015885962
5.940000000000005,6.593861413908157
5.945000000000006,6.574080811930349
5.9500000000000055,6.554300209952546
5.955000000000005,6.534519607974741
5.960000000000005,6.514739005996938
5.965000000000005,6.495401640797331
5.970000000000005,6.476117397608595
5.975000000000005,6.456833154419858
5.980000000000005,6.437548911231121
5.985000000000006,6.418264668042381
5.9900000000000055,6.3989804248536455
5.995000000000005,6.379826557507965
6.000000000000005,6.361023578233718
6.005000000000005,6.342220598959471
6.010000000000005,6.323417619685225
6.015000000000005,6.304614640410978
6.020000000000005,6.285811661136733
6.025000000000006,6.267008681862482
6.030000000000006,6.24850851614757
6.0350000000000055,6.230172244369411
6.040000000000005,6.211835972591253
6.045000000000005,6.193499700813094
6.050000000000005,6.175163429034935
6.055000000000005,6.156827157256775
6.060000000000005,6.1385029969842915
6.065000000000006,6.120619392730703
6.070000000000006,6.102735788477117
6.0750000000000055,6.084852184223532
6.080000000000005,6.066968579969947
6.085000000000005,6.049084975716362
6.090000000000005,6.031201371462776
6.095000000000005,6.013495472504921
6.100000000000005,5.996050991254833
6.105000000000006,5.9786065100047425
6.110000000000006,5.9611620287546545
6.1150000000000055,5.943717547504567
6.120000000000005,5.926273066254479
6.125000000000005,5.908828585004391
6.130000000000005,5.891717537239423
6.135000000000005,5.874699109886987
6.140000000000005,5.857680682534552
6.145000000000006,5.840662255182113
6.150000000000006,5.8236438278296765
6.155000000000006,5.806625400477241
6.1600000000000055,5.789673344937623
6.165000000000005,5.773068358669195
6.170000000000005,5.756463372400767
6.175000000000005,5.739858386132339
6.180000000000005,5.7232533998639115
6.185000000000006,5.70664841359548
6.190000000000006,5.690043427327051
6.195000000000006,5.673654507530958
6.2000000000000055,5.657450787568292
6.205000000000005,5.641247067605625
6.210000000000005,5.6250433476429595
6.215000000000005,5.608839627680293
6.220000000000005,5.592635907717627
6.225000000000006,5.576432187754958
6.230000000000006,5.56058541201715
6.235000000000006,5.5447712041830695
6.2400000000000055,5.52895699634899
6.245000000000005,5.513142788514909
6.250000000000005,5.497328580680829
6.255000000000005,5.481514372846749
6.260000000000005,5.465811463498184
6.265000000000006,5.4503754175637535
6.270000000000006,5.434939371629325
6.275000000000006,5.419503325694896
6.280000000000006,5.404067279760467
6.2850000000000055,5.388631233826039
6.290000000000005,5.373195187891609
6.295000000000005,5.358005988584008
6.300000000000005,5.342937142358144
6.305000000000006,5.327868296132276
6.310000000000006,5.312799449906412
6.315000000000006,5.297730603680547
6.320000000000006,5.282661757454682
6.3250000000000055,5.267610801380187
6.330000000000005,5.252898565504943
6.335000000000005,5.2381863296297
6.340000000000005,5.223474093754457
6.345000000000006,5.208761857879211
6.350000000000006,5.194049622003968
6.355000000000006,5.179337386128726
6.360000000000006,5.164773433027394
6.3650000000000055,5.150407576444334
6.370000000000005,5.136041719861274
6.375000000000005,5.121675863278215
6.380000000000005,5.107310006695156
6.385000000000006,5.092944150112093
6.390000000000006,5.078578293529033
6.395000000000006,5.064483656764176
6.400000000000006,5.050454292818637
6.405000000000006,5.036424928873097
6.4100000000000055,5.022395564927558
6.415000000000005,5.008366200982018
6.420000000000005,4.994336837036479
6.425000000000006,4.980367612021999
6.430000000000006,4.966665185174413
6.435000000000006,4.952962758326827
6.440000000000006,4.939260331479241
6.445000000000006,4.925557904631655
6.4500000000000055,4.911855477784069
6.455000000000005,4.898153050936484
6.460000000000005,4.88462913109109
6.465000000000006,4.8712444042057355
6.470000000000006,4.857859677320383
6.475000000000006,4.844474950435032
6.480000000000006,4.831090223549681
6.485000000000006,4.8177054966643285
6.4900000000000055,4.804320769778977
6.495000000000005,4.791226223857911
6.500000000000005,4.77815026604132
6.505000000000006,4.765074308224726
6.510000000000006,4.751998350408135
6.515000000000006,4.738922392591543
6.520000000000006,4.725846434774952
6.525000000000006,4.7128658368714405
6.530000000000006,4.700090011833911
6.5350000000000055,4.687314186796381
6.540000000000005,4.674538361758851
6.545000000000006,4.66176253672132
6.550000000000006,4.648986711683791
6.555000000000006,4.636210886646261
6.560000000000006,4.623638038967318
6.565000000000006,4.611153993882757
6.570000000000006,4.598669948798196
6.5750000000000055,4.586185903713635
6.580000000000005,4.573701858629074
6.585000000000006,4.56121781354451
6.590000000000006,4.5487546427019
6.595000000000006,4.536554297542037
6.600000000000006,4.524353952382174
6.605000000000006,4.51215360722231
6.610000000000006,4.499953262062446
6.6150000000000055,4.487752916902583
6.620000000000005,4.475552571742719
6.625000000000006,4.463476788906869
6.630000000000006,4.451552326227602
6.635000000000006,4.439627863548335
6.640000000000006,4.427703400869069
6.645000000000006,4.415778938189802
6.650000000000006,4.403854475510535
6.655000000000006,4.391930012831268
6.6600000000000055,4.380228101402048
6.665000000000006,4.368571956560538
6.670000000000006,4.35691581171903
6.675000000000006,4.345259666877521
6.680000000000006,4.333603522036012
6.685000000000006,4.321947377194504
6.690000000000006,4.310345352054249
6.695000000000006,4.298950203836525
6.7000000000000055,4.287555055618801
6.705000000000006,4.276159907401077
6.710000000000006,4.264764759183353
6.715000000000006,4.25336961096563
6.720000000000006,4.241974462747907
6.725000000000006,4.230727923978716
6.730000000000006,4.219586685618772
6.735000000000006,4.2084454472588275
6.7400000000000055,4.197304208898882
6.745000000000006,4.186162970538936
6.750000000000006,4.175021732178992
6.755000000000006,4.163880493819048
6.760000000000006,4.152977215634475
6.765000000000006,4.142083026206599
6.770000000000006,4.131188836778724
6.775000000000006,4.12029464735085
6.780000000000006,4.109400457922974
6.785000000000006,4.098506268495098
6.790000000000006,4.087694090340433
6.795000000000006,4.0770403065075564
6.800000000000006,4.066386522674681
6.805000000000006,4.0557327388418045
6.810000000000006,4.045078955008928
6.815000000000006,4.034425171176053
6.820000000000006,4.023771387343176
6.825000000000006,4.013285844199035
6.830000000000006,4.002866032300727
6.835000000000006,3.9924462204024196
6.840000000000006,3.9820264085041113
6.845000000000006,3.9716065966058034
6.850000000000006,3.961186784707496
6.855000000000006,3.9507889592606324
6.860000000000006,3.9405958352582484
6.865000000000006,3.930402711255862
6.870000000000006,3.920209587253478
6.875000000000006,3.910016463251094
6.880000000000006,3.899823339248709
6.885000000000006,3.889630215246325
6.890000000000006,3.8795415217396476
6.895000000000006,3.8695682901190684
6.900000000000006,3.8595950584984893
6.9050000000000065,3.8496218268779074
6.910000000000006,3.8396485952573287
6.915000000000006,3.829675363636749
6.920000000000006,3.8197021320161695
6.925000000000006,3.809852670256244
6.930000000000006,3.8000245648644313
6.935000000000006,3.790196459472619
6.940000000000006,3.780368354080806
6.9450000000000065,3.7705402486889916
6.950000000000006,3.7607121432971793
6.955000000000006,3.750926682447791
6.960000000000006,3.7412833700731514
6.965000000000006,3.731640057698512
6.970000000000006,3.721996745323872
6.975000000000006,3.7123534329492323
6.980000000000006,3.702710120574592
6.9850000000000065,3.6930668081999505
6.990000000000006,3.683550405751066
6.995000000000006,3.6741155882544514
7.000000000000006,3.6646807707578373
7.005000000000006,3.6552459532612236
7.010000000000006,3.6458111357646095
7.015000000000006,3.636376318267995
7.020000000000006,3.6269415007713808
7.025000000000007,3.617707002632041
7.0300000000000065,3.6084752206873767
7.035000000000006,3.599243438742713
7.040000000000006,3.5900116567980493
7.045000000000006,3.580779874853385
7.050000000000006,3.571548092908721
7.055000000000006,3.562388398190932
7.060000000000006,3.5533543601071442
7.065000000000007,3.5443203220233546
7.0700000000000065,3.535286283939567
7.075000000000006,3.5262522458557792
7.080000000000006,3.517218207771992
7.085000000000006,3.508184169688204
7.090000000000006,3.4992931425984524
7.095000000000006,3.490451718421047
7.100000000000006,3.4816102942436413
7.105000000000007,3.472768870066234
7.1100000000000065,3.4639274458888285
7.115000000000006,3.4550860217114234
7.120000000000006,3.4462671896438977
7.125000000000006,3.4376134054902203
7.130000000000006,3.4289596213365434
7.135000000000006,3.420305837182866
7.140000000000006,3.4116520530291883
7.145000000000007,3.4029982688755096
7.150000000000007,3.394344484721832
7.1550000000000065,3.385781803240321
7.160000000000006,3.377310835858306
7.165000000000006,3.368839868476291
7.170000000000006,3.360368901094276
7.175000000000006,3.3518979337122614
7.180000000000006,3.3434269663302456
7.185000000000007,3.3349559989482294
7.190000000000007,3.326641126541806
7.1950000000000065,3.3183482980823173
7.200000000000006,3.310055469622828
7.205000000000006,3.301762641163339
7.210000000000006,3.2934698127038504
7.215000000000006,3.285176984244361
7.220000000000006,3.276928281906713
7.225000000000007,3.2688090549002546
7.230000000000007,3.2606898278937972
7.2350000000000065,3.2525706008873403
7.240000000000006,3.244451373880883
7.245000000000006,3.236332146874426
7.250000000000006,3.228212919867969
7.255000000000006,3.220200645076142
7.260000000000006,3.2122506176049996
7.265000000000007,3.204300590133855
7.270000000000007,3.1963505626627127
7.275000000000007,3.18840053519157
7.2800000000000065,3.1804505077204275
7.285000000000006,3.172502135050574
7.290000000000006,3.164717036107947
7.295000000000006,3.1569319371653193
7.300000000000006,3.1491468382226913
7.305000000000007,3.1413617392800623
7.310000000000007,3.1335766403374348
7.315000000000007,3.1257915413948076
7.3200000000000065,3.1180688201799605
7.325000000000006,3.1104445052080774
7.330000000000006,3.1028201902361943
7.335000000000006,3.0951958752643116
7.340000000000006,3.0875715602924285
7.345000000000007,3.0799472453205445
7.350000000000007,3.072322930348661
7.355000000000007,3.064818676914731
7.3600000000000065,3.057351123514236
7.365000000000006,3.0498835701137406
7.370000000000006,3.0424160167132457
7.375000000000006,3.0349484633127504
7.380000000000006,3.0274809099122555
7.385000000000007,3.020035339320334
7.390000000000007,3.012720643123651
7.395000000000007,3.0054059469269685
7.400000000000007,2.998091250730286
7.4050000000000065,2.990776554533603
7.410000000000006,2.9834618583369203
7.415000000000006,2.9761471621402373
7.420000000000006,2.9689102399775007
7.425000000000007,2.961744610679213
7.430000000000007,2.9545789813809265
7.435000000000007,2.94741335208264
7.440000000000007,2.9402477227843535
7.4450000000000065,2.933082093486067
7.450000000000006,2.9259164641877806
7.455000000000006,2.918870005319209
7.460000000000006,2.911836836833133
7.465000000000007,2.9048036683470566
7.470000000000007,2.8977704998609806
7.475000000000007,2.890737331374905
7.480000000000007,2.8837041628888294
7.4850000000000065,2.8766924586139675
7.490000000000006,2.8697366130092528
7.495000000000006,2.862780767404539
7.500000000000006,2.855824921799824
7.505000000000007,2.848869076195108
7.510000000000007,2.8419132305903942
7.515000000000007,2.8349573849856795
7.520000000000007,2.8280940553074876
7.525000000000007,2.821279343692723
7.5300000000000065,2.814464632077958
7.535000000000006,2.8076499204631933
7.540000000000006,2.800835208848428
7.545000000000007,2.794020497233662
7.550000000000007,2.7872103899756504
7.555000000000007,2.780533348627792
7.560000000000007,2.7738563072799343
7.565000000000007,2.7671792659320764
7.5700000000000065,2.7605022245842186
7.575000000000006,2.7538251832363607
7.580000000000006,2.7471481418885024
7.585000000000007,2.740526350228906
7.590000000000007,2.7339836150338153
7.595000000000007,2.7274408798387246
7.600000000000007,2.720898144643634
7.605000000000007,2.7143554094485434
7.6100000000000065,2.7078126742534523
7.615000000000006,2.7012699390583617
7.620000000000006,2.6948306321393263
7.625000000000007,2.6884189353109313
7.630000000000007,2.6820072384825377
7.635000000000007,2.6755955416541437
7.640000000000007,2.66918384482575
7.645000000000007,2.662772147997356
7.650000000000007,2.656381833066873
7.6550000000000065,2.6500979999879823
7.660000000000006,2.6438141669090918
7.665000000000007,2.6375303338302
7.670000000000007,2.6312465007513093
7.675000000000007,2.6249626676724187
7.680000000000007,2.618678834593528
7.685000000000007,2.612463024990077
7.690000000000007,2.6063039711698153
7.6950000000000065,2.600144917349553
7.700000000000006,2.5939858635292907
7.705000000000007,2.587826809709027
7.710000000000007,2.5816677558887653
7.715000000000007,2.575508702068503
7.720000000000007,2.569462062368309
7.725000000000007,2.5634247905114536
7.730000000000007,2.5573875186545982
7.7350000000000065,2.5513502467977434
7.740000000000006,2.5453129749408876
7.745000000000007,2.5392757030840314
7.750000000000007,2.5332742112059052
7.755000000000007,2.527355808389494
7.760000000000007,2.5214374055730833
7.765000000000007,2.5155190027566716
7.770000000000007,2.509600599940261
7.775000000000007,2.503682197123849
7.7800000000000065,2.4977637943074384
7.785000000000007,2.4919241729865576
7.790000000000007,2.486121807939427
7.795000000000007,2.4803194428922963
7.800000000000007,2.4745170778451655
7.805000000000007,2.4687147127980347
7.810000000000007,2.4629123477509043
7.815000000000007,2.457116424827865
7.8200000000000065,2.4514273653750465
7.825000000000007,2.445738305922227
7.830000000000007,2.4400492464694086
7.835000000000007,2.4343601870165896
7.840000000000007,2.428671127563771
7.845000000000007,2.422982068110953
7.850000000000007,2.417341103287084
7.855000000000007,2.4117626614808514
7.8600000000000065,2.4061842196746177
7.865000000000007,2.4006057778683836
7.870000000000007,2.3950273360621503
7.875000000000007,2.389448894255917
7.880000000000007,2.383870452449684
7.885000000000007,2.378379789124988
7.890000000000007,2.3729093545861604
7.895000000000007,2.3674389200473334
7.900000000000007,2.3619684855085055
7.905000000000007,2.3564980509696776
7.910000000000007,2.35102761643085
7.915000000000007,2.3455772896123745
7.920000000000007,2.3402123324136355
7.925000000000007,2.334847375214897
7.930000000000007,2.3294824180161577
7.935000000000007,2.3241174608174187
7.940000000000007,2.3187525036186796
7.945000000000007,2.31338754641994
7.950000000000007,2.3080811606834084
7.955000000000007,2.302819220350553
7.960000000000007,2.2975572800176964
7.965000000000007,2.2922953396848404
7.970000000000007,2.2870333993519845
7.975000000000007,2.2817714590191285
7.980000000000007,2.276509518686272
7.985000000000007,2.271342817470284
7.990000000000007,2.2661815007980066
7.995000000000007,2.261020184125729
8.000000000000007,2.2558588674534517
8.005000000000008,2.2506975507811733
8.010000000000007,2.2455362341088967
8.015000000000008,2.240406805981367
8.020000000000007,2.2353437849264086
8.025000000000007,2.2302807638714484
8.030000000000006,2.22521774281649
8.035000000000007,2.220154721761529
8.040000000000006,2.2150917007065707
8.045000000000007,2.2100286796516104
8.050000000000008,2.2050116076178883
8.055000000000007,2.2000140092169786
8.060000000000008,2.195016410816067
8.065000000000007,2.190018812415157
8.070000000000007,2.1850212140142458
8.075000000000006,2.1800236156133357
8.080000000000007,2.1750335318548233
8.085000000000008,2.1701295533737985
8.090000000000007,2.1652255748927756
8.095000000000008,2.160321596411751
8.100000000000007,2.155417617930728
8.105000000000008,2.150513639449703
8.110000000000007,2.14560966096868
8.115000000000007,2.14074816909436
8.120000000000006,2.135936916857168
8.125000000000007,2.131125664619974
8.130000000000008,2.12631441238278
8.135000000000007,2.1215031601455876
8.140000000000008,2.1166919079083937
8.145000000000007,2.1118806556712015
8.150000000000007,2.1071451615802723
8.155000000000006,2.102424516086012
8.160000000000007,2.0977038705917512
8.165000000000008,2.09298322509749
8.170000000000007,2.08826257960323
8.175000000000008,2.0835419341089687
8.180000000000007,2.0788402411750355
8.185000000000008,2.0742081396735506
8.190000000000007,2.0695760381720665
8.195000000000007,2.064943936670581
8.200000000000006,2.0603118351690974
8.205000000000007,2.055679733667612
8.210000000000008,2.0510476321661266
8.215000000000007,2.046466757811204
8.220000000000008,2.0419211925629503
8.225000000000007,2.0373756273146975
8.230000000000008,2.0328300620664432
8.235000000000007,2.0282844968181903
8.240000000000007,2.023738931569936
8.245000000000008,2.019193366321682
8.250000000000007,2.014729836975905
8.255000000000008,2.0102688535719277
8.260000000000007,2.005807870167952
8.265000000000008,2.001346886763975
8.270000000000007,1.996885903359999
8.275000000000007,1.9924249199560213
8.280000000000006,1.9879926945150443
8.285000000000007,1.9836143902546879
8.290000000000008,1.979236085994331
8.295000000000007,1.974857781733976
8.300000000000008,1.9704794774736194
8.305000000000007,1.9661011732132645
8.310000000000008,1.9617228689529076
8.315000000000007,1.9574032247890332
8.320000000000007,1.9531057471132276
8.325000000000008,1.9488082694374222
8.330000000000007,1.944510791761618
8.335000000000008,1.9402133140858127
8.340000000000007,1.9359158364100089
8.345000000000008,1.931626551718374
8.350000000000007,1.9274080966963454
8.355000000000008,1.9231896416743148
8.360000000000007,1.9189711866522863
8.365000000000007,1.9147527316302557
8.370000000000008,1.9105342766082254
8.375000000000007,1.9063158215861968
8.380000000000008,1.9021345782299848
8.385000000000007,1.8979933890973977
8.390000000000008,1.8938521999648092
8.395000000000007,1.8897110108322224
8.400000000000007,1.8855698216996337
8.405000000000008,1.8814286325670455
8.410000000000007,1.8772874434344586
8.415000000000008,1.8732111961210802
8.420000000000007,1.8691455618676518
8.425000000000008,1.8650799276142223
8.430000000000007,1.861014293360794
8.435000000000008,1.856948659107364
8.440000000000007,1.8528830248539359
8.445000000000007,1.8488349359728455
8.450000000000008,1.8448431899775783
8.455000000000007,1.840851443982312
8.460000000000008,1.8368596979870446
8.465000000000007,1.8328679519917783
8.470000000000008,1.828876205996511
8.475000000000007,1.8248844600012446
8.480000000000008,1.8209371845952127
8.485000000000008,1.8170177033074528
8.490000000000007,1.813098222019694
8.495000000000008,1.8091787407319342
8.500000000000007,1.8052592594441759
8.505000000000008,1.8013397781564158
8.510000000000007,1.7974202968686575
8.515000000000008,1.7935710257376212
8.520000000000007,1.7897222274022546
8.525000000000007,1.785873429066886
8.530000000000008,1.7820246307315182
8.535000000000007,1.7781758323961516
8.540000000000008,1.7743270340607835
8.545000000000007,1.770503903736832
8.550000000000008,1.7667242471619418
8.555000000000007,1.762944590587053
8.560000000000008,1.759164934012163
8.565000000000008,1.7553852774372731
8.570000000000007,1.7516056208623842
8.575000000000008,1.7478259642874945
8.580000000000007,1.7440969811127325
8.585000000000008,1.7403849644781904
8.590000000000007,1.7366729478436496
8.595000000000008,1.7329609312091074
8.600000000000007,1.7292489145745666
8.605000000000008,1.725536897940025
8.610000000000008,1.7218332916764505
8.615000000000007,1.7181874513818929
8.620000000000008,1.714541611087334
8.625000000000007,1.7108957707927763
8.630000000000008,1.7072499304982174
8.635000000000007,1.7036040902036598
8.640000000000008,1.6999582499091008
8.645000000000008,1.6963451093692066
8.650000000000007,1.6927640189199784
8.655000000000008,1.6891829284707491
8.660000000000007,1.685601838021521
8.665000000000008,1.6820207475722917
8.670000000000007,1.6784396571230635
8.675000000000008,1.674858566673834
8.680000000000007,1.6713334189537767
8.685000000000008,1.667815687883419
8.690000000000008,1.6642979568130607
8.695000000000007,1.660780225742704
8.700000000000008,1.6572624946723458
8.705000000000007,1.653744763601989
8.710000000000008,1.6502432074616362
8.715000000000007,1.6467874802896318
8.720000000000008,1.6433317531176266
8.725000000000009,1.6398760259456215
8.730000000000008,1.6364202987736172
8.735000000000008,1.632964571601612
8.740000000000007,1.6295088444296078
8.745000000000008,1.6260918809282747
8.750000000000007,1.6226968361517213
8.755000000000008,1.6193017913751666
8.760000000000007,1.6159067465986128
8.765000000000008,1.6125117018220578
8.770000000000008,1.6091166570455036
8.775000000000007,1.605722605477889
8.780000000000008,1.6023869545959084
8.785000000000007,1.5990513037139287
8.790000000000008,1.5957156528319478
8.795000000000007,1.592380001949968
8.800000000000008,1.5890443510679875
8.805000000000009,1.5857087001860064
8.810000000000008,1.5823959931812757
8.815000000000008,1.5791184797509683
8.820000000000007,1.5758409663206618
8.825000000000008,1.5725634528903545
8.830000000000007,1.569285939460048
8.835000000000008,1.5660084260297407
8.840000000000007,1.5627309125994342
8.845000000000008,1.5594973680900834
8.850000000000009,1.5562767668128756
8.855000000000008,1.5530561655356692
8.860000000000008,1.5498355642584616
8.865000000000007,1.546614962981255
8.870000000000008,1.5433943617040473
8.875000000000007,1.5401821459457514
8.880000000000008,1.5370172617830833
8.885000000000009,1.5338523776204152
8.890000000000008,1.530687493457748
8.895000000000008,1.5275226092950798
8.900000000000007,1.5243577251324125
8.905000000000008,1.5211928409697444
8.910000000000007,1.5180567833416279
8.915000000000008,1.5149464506589
8.920000000000007,1.5118361179761735
8.925000000000008,1.508725785293446
8.930000000000009,1.5056154526107182
8.935000000000008,1.5025051199279915
8.940000000000008,1.4993947872452638
8.945000000000007,1.4963328669637597
8.950000000000008,1.4932759487015688
8.955000000000007,1.4902190304393792
8.960000000000008,1.4871621121771883
8.965000000000009,1.4841051939149976
8.970000000000008,1.4810482756528078
8.975000000000009,1.4780062267430507
8.980000000000008,1.4750016136147157
8.985000000000008,1.4719970004863796
8.990000000000007,1.4689923873580446
8.995000000000008,1.4659877742297085
9.000000000000007,1.4629831611013735
9.005000000000008,1.4599785479730376
9.010000000000009,1.457007854988096
9.015000000000008,1.4540544647025637
9.020000000000008,1.4511010744170303
9.025000000000007,1.4481476841314982
9.030000000000008,1.4451942938459648
9.035000000000007,1.4422409035604327
9.040000000000008,1.4392895266579675
9.045000000000009,1.4363863031672128
9.050000000000008,1.433483079676459
9.055000000000009,1.4305798561857046
9.060000000000008,1.4276766326949508
9.065000000000008,1.4247734092041962
9.070000000000007,1.4218701857134426
9.075000000000008,1.4189875041377407
9.080000000000007,1.4161334169077928
9.085000000000008,1.4132793296778439
9.090000000000009,1.410425242447895
9.095000000000008,1.407571155217947
9.100000000000009,1.4047170679879983
9.105000000000008,1.4018629807580503
9.110000000000008,1.399047204789849
9.115000000000007,1.3962412480946171
9.120000000000008,1.3934352913993846
9.125000000000009,1.390629334704152
9.130000000000008,1.3878233780089204
9.135000000000009,1.3850174213136877
9.140000000000008,1.3822196644327762
9.145000000000008,1.3794608566698836
9.150000000000007,1.3767020489069919
9.155000000000008,1.3739432411440993
9.160000000000007,1.3711844333812075
9.165000000000008,1.368425625618315
9.170000000000009,1.3656668178554223
9.175000000000008,1.3629334999937974
9.180000000000009,1.3602208830216849
9.185000000000008,1.3575082660495734
9.190000000000008,1.3547956490774609
9.195000000000007,1.3520830321053494
9.200000000000008,1.3493704151332366
9.205000000000009,1.3466577981611243
9.210000000000008,1.3439872581789822
9.215000000000009,1.3413198966744988
9.220000000000008,1.338652535170016
9.225000000000009,1.3359851736655326
9.230000000000008,1.3333178121610498
9.235000000000008,1.3306504506565664
9.240000000000007,1.3279967329491027
9.245000000000008,1.3253737137849306
9.250000000000009,1.3227506946207583
9.255000000000008,1.3201276754565874
9.260000000000009,1.317504656292415
9.265000000000008,1.314881637128244
9.270000000000008,1.3122586179640718
9.275000000000007,1.3096653894858554
9.280000000000008,1.3070858211270515
9.285000000000009,1.3045062527682476
9.290000000000008,1.3019266844094448
9.295000000000009,1.299347116050641
9.300000000000008,1.296767547691838
9.305000000000009,1.2941906851031975
9.310000000000008,1.2916536970222239
9.315000000000008,1.2891167089412494
9.320000000000007,1.286579720860276
9.325000000000008,1.2840427327793016
9.330000000000009,1.2815057446983273
9.335000000000008,1.2789687566173538
9.340000000000009,1.276450191229202
9.345000000000008,1.2739549333387883
9.350000000000009,1.2714596754483736
9.355000000000008,1.26896441755796
9.360000000000008,1.2664691596675453
9.365000000000009,1.2639739017771308
9.370000000000008,1.2614786438867172
9.375000000000009,1.2590168993690567
9.380000000000008,1.256562541472331
9.385000000000009,1.2541081835756043
9.390000000000008,1.2516538256788785
9.395000000000008,1.2491994677821519
9.400000000000007,1.246745109885426
9.405000000000008,1.2442986625575463
9.410000000000009,1.241884393814806
9.415000000000008,1.239470125072067
9.420000000000009,1.2370558563293266
9.425000000000008,1.2346415875865875
9.430000000000009,1.2322273188438473
9.435000000000008,1.229813050101108
9.440000000000008,1.2274213870792563
9.44500000000001,1.2250464154908516
9.450000000000008,1.2226714439024475
9.455000000000009,1.2202964723140426
9.460000000000008,1.2179215007256388
9.465000000000009,1.2155465291372336
9.470000000000008,1.2131715575488298
9.475000000000009,1.2108333056779979
9.480000000000008,1.2084968575827673
9.485000000000008,1.2061604094875353
9.490000000000009,1.2038239613923039
9.495000000000008,1.201487513297073
9.500000000000009,1.1991510652018413
9.505000000000008,1.1968271221257212
9.510000000000009,1.1945284417144704
9.515000000000008,1.1922297613032202
9.520000000000008,1.1899310808919694
9.52500000000001,1.1876324004807184
9.530000000000008,1.1853337200694682
9.535000000000009,1.1830350396582174
9.540000000000008,1.1807626141031975
9.545000000000009,1.1785009629467245
9.550000000000008,1.176239311790252
9.555000000000009,1.1739776606337788
9.560000000000008,1.1717160094773067
9.565000000000008,1.1694543583208334
9.57000000000001,1.1671958643598062
9.575000000000008,1.16497052095096
9.580000000000009,1.1627451775421132
9.585000000000008,1.160519834133267
9.590000000000009,1.15829449072442
9.595000000000008,1.1560691473155738
9.600000000000009,1.153843803906727
9.60500000000001,1.1516350115943021
9.610000000000008,1.149445270903659
9.615000000000009,1.1472555302130154
9.620000000000008,1.1450657895223721
9.625000000000009,1.1428760488317284
9.630000000000008,1.1406863081410854
9.635000000000009,1.1384965674504415
9.640000000000008,1.1363362523828617
9.645000000000008,1.134181425427519
9.65000000000001,1.1320265984721765
9.655000000000008,1.1298717715168347
9.660000000000009,1.127716944561492
9.665000000000008,1.1255621176061503
9.670000000000009,1.1234148487280966
9.675000000000008,1.1212942621531976
9.680000000000009,1.1191736755782984
9.68500000000001,1.117053089003399
9.690000000000008,1.1149325024285002
9.69500000000001,1.1128119158536007
9.700000000000008,1.1106913292787022
9.705000000000009,1.1085908471261805
9.710000000000008,1.1065038427987173
9.715000000000009,1.1044168384712534
9.720000000000008,1.10232983414379
9.725000000000009,1.100242829816326
9.73000000000001,1.0981558254888621
9.735000000000008,1.096068821161399
9.740000000000009,1.0940139846301147
9.745000000000008,1.0919599192446303
9.750000000000009,1.0899058538591448
9.755000000000008,1.0878517884736605
9.760000000000009,1.0857977230881752
9.76500000000001,1.08374365770269
9.770000000000008,1.08170104672729
9.77500000000001,1.0796792914230815
9.780000000000008,1.0776575361188738
9.785000000000009,1.0756357808146653
9.790000000000008,1.0736140255104574
9.795000000000009,1.0715922702062488
9.800000000000008,1.0695705149020411
9.805000000000009,1.0675719745453724
9.81000000000001,1.0655819145348373
9.815000000000008,1.0635918545243026
9.82000000000001,1.0616017945137672
9.825000000000008,1.0596117345032328
9.830000000000009,1.0576216744926976
9.835000000000008,1.0556350462855173
9.840000000000009,1.0536760804932541
9.84500000000001,1.051717114700991
9.850000000000009,1.0497581489087284
9.85500000000001,1.0477991831164652
9.860000000000008,1.0458402173242027
9.865000000000009,1.0438812515319393
9.870000000000008,1.0419325150787295
9.875000000000009,1.0399944984123342
9.880000000000008,1.0380564817459395
9.885000000000009,1.0361184650795439
9.89000000000001,1.0341804484131487
9.895000000000008,1.0322424317467538
9.90000000000001,1.0303044150803584
9.905000000000008,1.0283817769101322
9.910000000000009,1.0264615137972288
9.915000000000008,1.0245412506843259
9.920000000000009,1.0226209875714223
9.92500000000001,1.020700724458519
9.930000000000009,1.0187804613456162
9.93500000000001,1.0168675164291394
9.940000000000008,1.0149772278468072
9.94500000000001,1.0130869392644741
9.950000000000008,1.0111966506821417
9.955000000000009,1.0093063620998086
9.960000000000008,1.0074160735174762
9.965000000000009,1.0055257849351433
9.97000000000001,1.0036537911707613
9.975000000000009,1.0017929120000812
9.98000000000001,0.9999320328294007
9.985000000000008,0.9980711536587207
9.990000000000009,0.9962102744880401
9.995000000000008,0.9943493953173602
